-----------------------------------------------------------------
-- == Creating DataBase Named Ecommerce ==
-----------------------------------------------------------------

Create Database Ecommerce;
Use Ecommerce;

----------------------------------------------------------------
/* Now Creating Tables i.e 
	1.Category,
	2.Customer,
	3.Product,
	4.Orders,
	5.OrderItems,
	6.Discounts,
	7.Supplier,
	8.Reviews */
----------------------------------------------------------------
Create Table dbo.Category(
	CategoryID int not null Primary Key Identity(1,1),--Identity(seed,Increment)
	--for Workbenceh Auto-Increment is used --
	Category_name varchar(100) not null,
	Descriptionn Varchar(100) not  null 
	);

Insert Into dbo.Category( Category_name, Descriptionn)
Values('Electronics','Gadgets and electronic devices'),
('Mobile Phones','Smartphones and accessories'),
('Cables & Connectors','USB, HDMI and other cables'),
('Computer Accessories','Mouse, keyboard and peripherals'),
('Tablets','Tablet devices and accessories'),
('Monitors & Displays','Computer monitors and screens'),
('Keyboards','Wired and wireless keyboards'),
('Printers','Inkjet, laser and 3D printers'),
('Storage Devices','Hard drives, SSDs and memory cards'),
('Cameras & Webcams','Webcams and streaming cameras'),
('Audio','Headphones, speakers and audio gear'),
('Wearables','Smart watches and fitness bands'),
('Lighting','Ring lights and studio lighting'),
('Charging','Chargers and power banks'),
('E-Readers','Kindle and digital reading devices');

-- ======================================================================================================

Create Table dbo.Customers(
	CustomerID int not null Primary Key Identity(1,1),
	FirstName Varchar(100) not null,
	LastName Varchar(100),
	City Varchar(100),
	PhoneNo varchar(15) not null unique,
	Email Varchar(50)  R
);

Insert Into dbo.Customers(FirstName,LastName, City, PhoneNo, Email)
Values('John','Doe','New York','123-456-7890','john.doe@example.com'),
('Jane','Smith','Los Angeles','234-567-8901',null),
('Michael','Johnson','Chicago','345-678-9012','michael.johnson@example.com'),
('Emily','Davis','Houston','456-789-0123','emily.davis@example.com'),
('David','Brown',null,'567-890-1234','david.brown@example.com'),
('Sarah',null,'Philadelphia','678-901-2345',null),
('Robert','Taylor',null,'789-012-3456','robert.taylor@example.com'),
('Jessica','Anderson','San Diego','890-123-4567','jessica.anderson@example.com'),
('Daniel','Thomas','Dallas','901-234-5678','daniel.thomas@example.com'),
('Laura','Moore',null,'012-345-6789','laura.moore@example.com'),
('James','Wilson','Phoenix','111-222-3333','james.wilson@example.com'),
('Olivia','Martinez','San Antonio','111-222-3334','olivia.martinez@example.com'),
('William','Garcia',null,'111-222-3335',null),
('Sophia','Rodriguez','Austin','111-222-3336','sophia.rodriguez@example.com'),
('Benjamin','Lee','Jacksonville','111-222-3337',null),
('Isabella','Walker','Fort Worth','111-222-3338','isabella.walker@example.com'),
('Mason','Hall','Columbus','111-222-3339','mason.hall@example.com'),
('Mia',null,'Charlotte','111-222-3340',null),
('Ethan','Young','San Francisco','111-222-3341','ethan.young@example.com'),
('Amelia','Hernandez',null,'111-222-3342','amelia.hernandez@example.com'),
('Alexander','King','Seattle','111-222-3343',null),
('Harper','Wright','Denver','111-222-3344','harper.wright@example.com'),
('Henry','Lopez','Nashville','111-222-3345','henry.lopez@example.com'),
('Evelyn',null,'Oklahoma City','111-222-3346',null),
('Sebastian','Scott','El Paso','111-222-3347','sebastian.scott@example.com'),
('Abigail','Green','Washington','111-222-3348','abigail.green@example.com'),
('Jack','Adams',null,'111-222-3349',null),
('Ella','Baker','Memphis','111-222-3350','ella.baker@example.com'),
('Owen','Gonzalez','Louisville','111-222-3351','owen.gonzalez@example.com'),
('Scarlett',null,'Portland','111-222-3352',null),
('Liam','Carter','Las Vegas','111-222-3353','liam.carter@example.com'),
('Grace','Mitchell','Milwaukee','111-222-3354','grace.mitchell@example.com'),
('Lucas','Perez',null,'111-222-3355',null),
('Chloe','Roberts','Tucson','111-222-3356','chloe.roberts@example.com'),
('Noah','Turner','Fresno','111-222-3357','noah.turner@example.com'),
('Penelope',null,'Sacramento','111-222-3358',null),
('Aiden','Campbell','Mesa','111-222-3359','aiden.campbell@example.com'),
('Riley','Parker','Kansas City','111-222-3360','riley.parker@example.com'),
('Jackson','Evans',null,'111-222-3361',null),
('Layla','Edwards','Omaha','111-222-3362','layla.edwards@example.com'),
('Grayson','Collins','Colorado Springs','111-222-3363','grayson.collins@example.com'),
('Victoria',null,'Raleigh','111-222-3364',null),
('Julian','Sanchez','Long Beach','111-222-3365','julian.sanchez@example.com'),
('Nora','Morris','Virginia Beach','111-222-3366','nora.morris@example.com'),
('Mateo','Rogers',null,'111-222-3367',null),
('Hannah','Reed','Tampa','111-222-3368','hannah.reed@example.com'),
('Elijah','Cook','New Orleans','111-222-3369','elijah.cook@example.com'),
('Zoey',null,'Arlington','111-222-3370',null),
('Carter','Bell','Bakersfield','111-222-3371','carter.bell@example.com'),
('Lily','Murphy','Honolulu','111-222-3372','lily.murphy@example.com'),
('Luke','Bailey',null,'111-222-3373',null),
('Eleanor','Rivera','Aurora','111-222-3374','eleanor.rivera@example.com'),
('Isaiah','Cooper','Santa Ana','111-222-3375','isaiah.cooper@example.com'),
('Hazel',null,'Corpus Christi','111-222-3376',null),
('Dylan','Cox','Riverside','111-222-3377','dylan.cox@example.com'),
('Stella','Howard','St. Louis','111-222-3378','stella.howard@example.com'),
('Ryan','Ward',null,'111-222-3379',null),
('Aurora','Torres','Pittsburgh','111-222-3380','aurora.torres@example.com'),
('Nathan','Peterson','Anchorage','111-222-3381','nathan.peterson@example.com'),
('Savannah',null,'Stockton','111-222-3382',null),
('Caleb','Ramirez','Cincinnati','111-222-3383','caleb.ramirez@example.com'),
('Addison','James','St. Paul','111-222-3384','addison.james@example.com'),
('Jonathan','Watson',null,'111-222-3385',null),
('Brooklyn','Brooks','Greensboro','111-222-3386','brooklyn.brooks@example.com'),
('Andrew','Kelly','Newark','111-222-3387','andrew.kelly@example.com'),
('Leah',null,'Plano','111-222-3388',null),
('Christopher','Price','Henderson','111-222-3389','christopher.price@example.com'),
('Audrey','Bennett','Lincoln','111-222-3390','audrey.bennett@example.com'),
('Marcus','Wood',null,'111-222-3391',null),
('Claire','Barnes','Fort Wayne','111-222-3392','claire.barnes@example.com'),
('Wyatt','Ross','Jersey City','111-222-3393','wyatt.ross@example.com'),
('Paisley',null,'Chula Vista','111-222-3394',null),
('Hunter','Coleman','Orlando','111-222-3395','hunter.coleman@example.com'),
('Samantha','Jenkins','St. Petersburg','111-222-3396','samantha.jenkins@example.com'),
('Levi','Perry',null,'111-222-3397',null),
('Anna','Powell','Norfolk','111-222-3398','anna.powell@example.com'),
('Christian','Long','Madison','111-222-3399','christian.long@example.com'),
('Natalie',null,'Durham','111-222-3400',null),
('Aaron','Hughes','Lubbock','111-222-3401','aaron.hughes@example.com'),
('Sofia','Flores','Winston-Salem','111-222-3402','sofia.flores@example.com'),
('Eli','Washington',null,'111-222-3403',null),
('Genesis','Butler','Scottsdale','111-222-3404','genesis.butler@example.com'),
('Connor','Simmons','Baton Rouge','111-222-3405','connor.simmons@example.com'),
('Aaliyah',null,'Hialeah','111-222-3406',null),
('Jeremiah','Gonzales','Reno','111-222-3407','jeremiah.gonzales@example.com'),
('Serenity','Bryant','Irvine','111-222-3408','serenity.bryant@example.com'),
('Adrian','Alexander',null,'111-222-3409',null),
('Bella','Russell','Irving','111-222-3410','bella.russell@example.com'),
('Brayden','Griffin','Fremont','111-222-3411','brayden.griffin@example.com'),
('Kennedy',null,'San Bernardino','111-222-3412',null),
('Gavin','Hayes','Birmingham','111-222-3413','gavin.hayes@example.com'),
('Peyton','Myers','Rochester','111-222-3414','peyton.myers@example.com'),
('Easton','Ford',null,'111-222-3415',null),
('Naomi','Hamilton','Spokane','111-222-3416','naomi.hamilton@example.com'),
('Colton','Graham','Des Moines','111-222-3417','colton.graham@example.com'),
('Mackenzie',null,'Montgomery','111-222-3418',null),
('Josiah','Wallace','Tacoma','111-222-3419','josiah.wallace@example.com'),
('Piper','Woods','Akron','111-222-3420','piper.woods@example.com'),
('Tyler','Bennett','Miami','111-222-3421','tyler.bennett@example.com'),
('Zoe',null,'Detroit','111-222-3422',null);

-- ===========================================================================================
Create Table dbo.Products(
	ProductID int not null Primary Key Identity(1,1),
	CategoryID int not null,
	ProductName Varchar(100) not null,
	Price Decimal(10,2) not null, -- For Pricing we use Decimal(Precision,Scale) --
	StockQuantity int not null,
	Foreign Key (CategoryID) references dbo.Category(CategoryID)
	);

INSERT INTO dbo.Products (CategoryID, ProductName, Price, StockQuantity)
VALUES(1,'Laptop',999.99,50),
(2,'Smartphone',499.50,100),
(3,'USB Cable',5.75,200),
(4,'Wireless Mouse',25.00,0),
(6,'Monitor',150.00,75),
(7,'Keyboard',45.00,120),
(9,'External Hard Drive',80.00,60),
(10,'Webcam',70.00,90),
(5,'Tablet',300.00,0),
(8,'Printer',120.00,30),
(11,'Headphones',59.99,150),
(12,'Smart Watch',199.99,80),
(3,'HDMI Cable',12.50,300),
(4,'Gaming Mouse',49.99,95),
(6,'LED Monitor',200.00,40),
(7,'Mechanical Keyboard',89.99,70),
(9,'Portable SSD',110.00,55),
(10,'HD Webcam',85.00,45),
(5,'iPad',450.00,0),
(8,'Laser Printer',180.00,25),
(11,'Bluetooth Speaker',39.99,200),
(14,'Charger',19.99,250),
(3,'Type C Cable',8.99,400),
(4,'Trackpad',35.00,60),
(6,'Curved Monitor',350.00,20),
(7,'Wireless Keyboard',65.00,85),
(9,'Flash Drive',15.00,500),
(13,'Ring Light',40.00,110),
(15,'Kindle',130.00,0),
(8,'3D Printer',500.00,10),
(11,'Gaming Headset',79.99,90),
(14,'Power Bank',29.99,175),
(3,'Micro USB Cable',6.50,350),
(4,'Vertical Mouse',42.00,55),
(6,'Ultrawide Monitor',550.00,15),
(7,'Numeric Keypad',22.00,130),
(9,'Memory Card',18.00,400),
(10,'Streaming Camera',95.00,35),
(5,'Fire Tablet',90.00,0),
(8,'Inkjet Printer',95.00,40),
(11,'Noise Cancelling Headphones',149.99,65),
(14,'Wireless Charger',24.99,200),
(3,'Lightning Cable',9.99,300),
(4,'Ergonomic Mouse',55.00,70),
(6,'4K Monitor',700.00,12),
(7,'Backlit Keyboard',75.00,95),
(9,'SD Card Reader',12.00,250),
(10,'Conference Camera',200.00,20),
(5,'Samsung Tablet',380.00,0),
(8,'Color Laser Printer',350.00,18);

-- ======================================================================================================================
Create Table dbo.Orders(
	OrderID int not null Primary Key Identity(1,1),
	CustomerID int not null,
	OrderDate Date not null,
	Payment_Method Varchar(100) not null,
	OrderStatus Varchar(50) NOT NULL,
	Foreign Key (CustomerID) References dbo.Customers(CustomerID)
	);

INSERT INTO dbo.Orders (CustomerID, OrderDate, Payment_Method, OrderStatus)
VALUES(1,'2024-01-05','Credit Card','Delivered'),
(2,'2024-01-10','Cash','Delivered'),
(3,'2024-01-15','Debit Card','Delivered'),
(4,'2024-01-20','Credit Card','Shipped'),
(5,'2024-01-25','Cash','Delivered'),
(6,'2024-02-01','Credit Card','Cancelled'),
(7,'2024-02-05','Debit Card','Delivered'),
(8,'2024-02-10','Cash','Delivered'),
(9,'2024-02-15','Credit Card','Pending'),
(10,'2024-02-20','Debit Card','Delivered'),
(11,'2024-02-25','Cash','Delivered'),
(12,'2024-03-01','Credit Card','Shipped'),
(13,'2024-03-05','Debit Card','Delivered'),
(14,'2024-03-10','Cash','Delivered'),
(15,'2024-03-15','Credit Card','Pending'),
(16,'2024-03-20','Debit Card','Delivered'),
(17,'2024-03-25','Cash','Delivered'),
(18,'2024-04-01','Credit Card','Cancelled'),
(19,'2024-04-05','Debit Card','Delivered'),
(20,'2024-04-10','Cash','Delivered'),
(21,'2024-04-15','Credit Card','Shipped'),
(22,'2024-04-20','Debit Card','Delivered'),
(23,'2024-04-25','Cash','Delivered'),
(24,'2024-05-01','Credit Card','Pending'),
(25,'2024-05-05','Debit Card','Delivered'),
(26,'2024-05-10','Cash','Delivered'),
(27,'2024-05-15','Credit Card','Delivered'),
(28,'2024-05-20','Debit Card','Shipped'),
(29,'2024-05-25','Cash','Delivered'),
(30,'2024-06-01','Credit Card','Cancelled'),
(31,'2024-06-05','Debit Card','Delivered'),
(32,'2024-06-10','Cash','Delivered'),
(33,'2024-06-15','Credit Card','Pending'),
(34,'2024-06-20','Debit Card','Delivered'),
(35,'2024-06-25','Cash','Delivered'),
(36,'2024-07-01','Credit Card','Shipped'),
(37,'2024-07-05','Debit Card','Delivered'),
(38,'2024-07-10','Cash','Delivered'),
(39,'2024-07-15','Credit Card','Delivered'),
(40,'2024-07-20','Debit Card','Cancelled'),
(41,'2024-07-25','Cash','Delivered'),
(42,'2024-08-01','Credit Card','Pending'),
(43,'2024-08-05','Debit Card','Delivered'),
(44,'2024-08-10','Cash','Delivered'),
(45,'2024-08-15','Credit Card','Shipped'),
(46,'2024-08-20','Debit Card','Delivered'),
(47,'2024-08-25','Cash','Delivered'),
(48,'2024-09-01','Credit Card','Delivered'),
(49,'2024-09-05','Debit Card','Pending'),
(50,'2024-09-10','Cash','Delivered'),
(51,'2024-09-15','Credit Card','Delivered'),
(52,'2024-09-20','Debit Card','Cancelled'),
(53,'2024-09-25','Cash','Delivered'),
(54,'2024-10-01','Credit Card','Shipped'),
(55,'2024-10-05','Debit Card','Delivered'),
(56,'2024-10-10','Cash','Delivered'),
(57,'2024-10-15','Credit Card','Pending'),
(58,'2024-10-20','Debit Card','Delivered'),
(59,'2024-10-25','Cash','Delivered'),
(60,'2024-11-01','Credit Card','Delivered'),
(61,'2024-11-05','Debit Card','Shipped'),
(62,'2024-11-10','Cash','Delivered'),
(63,'2024-11-15','Credit Card','Delivered'),
(64,'2024-11-20','Debit Card','Cancelled'),
(65,'2024-11-25','Cash','Delivered'),
(66,'2024-12-01','Credit Card','Pending'),
(67,'2024-12-05','Debit Card','Delivered'),
(68,'2024-12-10','Cash','Delivered'),
(69,'2024-12-15','Credit Card','Shipped'),
(70,'2024-12-20','Debit Card','Delivered'),
(71,'2024-12-25','Cash','Delivered'),
(72,'2025-01-01','Credit Card','Delivered'),
(73,'2025-01-10','Debit Card','Pending'),
(74,'2025-01-20','Cash','Delivered'),
(75,'2025-02-01','Credit Card','Delivered'),
(76,'2025-02-10','Debit Card','Cancelled'),
(77,'2025-02-20','Cash','Delivered'),
(78,'2025-03-01','Credit Card','Shipped'),
(79,'2025-03-10','Debit Card','Delivered'),
(80,'2025-03-20','Cash','Delivered'),
(81,'2025-04-01','Credit Card','Pending'),
(82,'2025-04-10','Debit Card','Delivered'),
(83,'2025-04-20','Cash','Delivered'),
(84,'2025-05-01','Credit Card','Shipped'),
(85,'2025-05-10','Debit Card','Delivered'),
(86,'2025-05-20','Cash','Delivered'),
(87,'2025-06-01','Credit Card','Cancelled'),
(88,'2025-06-10','Debit Card','Delivered'),
(89,'2025-06-20','Cash','Delivered'),
(90,'2025-07-01','Credit Card','Pending'),
(91,'2025-07-10','Debit Card','Delivered'),
(92,'2025-07-20','Cash','Delivered'),
(93,'2025-08-01','Credit Card','Shipped'),
(94,'2025-08-15','Debit Card','Delivered'),
(95,'2025-09-01','Cash','Delivered'),
(96,'2025-10-01','Credit Card','Cancelled'),
(97,'2025-11-01','Debit Card','Delivered'),
(98,'2025-12-01','Cash','Delivered'),
(99,'2026-01-15','Credit Card','Pending'),
(100,'2026-02-20','Debit Card','Delivered');

-- ==================================================================================================================================
Create Table dbo.OrderItems (
    OrderItemID  Int not null Primary Key Identity(1,1),
    OrderID Int not null,
    ProductID Int not null ,
    Quantity  Int not null ,
    UnitPrice Decimal(10,2) NOT NULL,
   Foreign Key (OrderID)   references dbo.Orders(OrderID),
   Foreign Key (ProductID) references dbo.Products(ProductID)
);

Insert Into dbo.OrderItems (OrderID, ProductID, Quantity, UnitPrice)
values(1,  1,  1, 999.99),
(2,  2,  2, 499.50),
(3,  3,  3, 5.75),
(4,  4,  1, 25.00),
(5,  5,  1, 150.00),
(6,  6,  2, 45.00),
(7,  7,  1, 80.00),
(8,  8,  2, 70.00),
(9,  9,  1, 300.00),
(10, 10, 1, 120.00),
(11, 11, 2, 59.99),
(12, 12, 1, 199.99),
(13, 13, 3, 12.50),
(14, 14, 1, 49.99),
(15, 15, 1, 200.00),
(16, 16, 1, 89.99),
(17, 17, 2, 110.00),
(18, 18, 1, 85.00),
(19, 19, 1, 450.00),
(20, 20, 1, 180.00),
(21, 21, 3, 39.99),
(22, 22, 2, 19.99),
(23, 23, 4, 8.99),
(24, 24, 1, 35.00),
(25, 25, 1, 350.00),
(26, 26, 2, 65.00),
(27, 27, 5, 15.00),
(28, 28, 2, 40.00),
(29, 29, 1, 130.00),
(30, 30, 1, 500.00),
(31, 31, 2, 79.99),
(32, 32, 3, 29.99),
(33, 33, 4, 6.50),
(34, 34, 1, 42.00),
(35, 35, 1, 550.00),
(36, 36, 2, 22.00),
(37, 37, 3, 18.00),
(38, 38, 1, 95.00),
(39, 39, 1, 90.00),
(40, 40, 2, 95.00),
(41, 41, 1, 149.99),
(42, 42, 2, 24.99),
(43, 43, 3, 9.99),
(44, 44, 1, 55.00),
(45, 45, 1, 700.00),
(46, 46, 2, 75.00),
(47, 47, 3, 12.00),
(48, 48, 1, 200.00),
(49, 49, 1, 380.00),
(50, 50, 1, 350.00),
(51, 1,  1, 999.99),
(52, 2,  2, 499.50),
(53, 3,  3, 5.75),
(54, 4,  1, 25.00),
(55, 5,  2, 150.00),
(56, 6,  1, 45.00),
(57, 7,  2, 80.00),
(58, 8,  1, 70.00),
(59, 9,  1, 300.00),
(60, 10, 2, 120.00),
(61, 11, 1, 59.99),
(62, 12, 2, 199.99),
(63, 13, 3, 12.50),
(64, 14, 1, 49.99),
(65, 15, 2, 200.00),
(66, 16, 1, 89.99),
(67, 17, 1, 110.00),
(68, 18, 2, 85.00),
(69, 19, 1, 450.00),
(70, 20, 1, 180.00),
(71, 21, 2, 39.99),
(72, 22, 3, 19.99),
(73, 23, 4, 8.99),
(74, 24, 1, 35.00),
(75, 25, 1, 350.00),
(76, 26, 2, 65.00),
(77, 27, 3, 15.00),
(78, 28, 1, 40.00),
(79, 29, 1, 130.00),
(80, 30, 1, 500.00),
(81, 31, 2, 79.99),
(82, 32, 1, 29.99),
(83, 33, 3, 6.50),
(84, 34, 1, 42.00),
(85, 35, 1, 550.00),
(86, 36, 2, 22.00),
(87, 37, 2, 18.00),
(88, 38, 1, 95.00),
(89, 39, 1, 90.00),
(90, 40, 1, 95.00),
(91, 41, 2, 149.99),
(92, 42, 1, 24.99),
(93, 43, 3, 9.99),
(94, 44, 1, 55.00),
(95, 45, 1, 700.00),
(96, 46, 2, 75.00),
(97, 47, 1, 12.00),
(98, 48, 2, 200.00),
(99, 49, 1, 380.00),
(100, 50, 1, 350.00);
-- ===================================================================================================================================

Create Table dbo.Discounts(
	DiscountID int not null Primary Key Identity(1,1),
	ProductID int not null,
	DiscountPercent int not null,
	StartDate Date not null,
	EndDate Date not null
	Foreign Key (ProductID) References dbo.Products(ProductID)
	);

Insert into dbo.Discounts(ProductID, DiscountPercent, StartDate, EndDate)
Values(1,10,'2024-01-01','2024-01-31'),
(2,15,'2024-01-15','2024-02-15'),
(3,5,'2024-02-01','2024-02-28'),
(5,20,'2024-02-10','2024-03-10'),
(7,10,'2024-03-01','2024-03-31'),
(9,25,'2024-03-15','2024-04-15'),
(11,15,'2024-04-01','2024-04-30'),
(13,10,'2024-04-10','2024-05-10'),
(15,30,'2024-05-01','2024-05-31'),
(17,20,'2024-05-15','2024-06-15'),
(19,10,'2024-06-01','2024-06-30'),
(21,15,'2024-06-10','2024-07-10'),
(23,5,'2024-07-01','2024-07-31'),
(25,20,'2024-07-15','2024-08-15'),
(27,10,'2024-08-01','2024-08-31'),
(29,25,'2024-08-10','2024-09-10'),
(31,15,'2024-09-01','2024-09-30'),
(33,10,'2024-09-15','2024-10-15'),
(35,30,'2024-10-01','2024-10-31'),
(37,20,'2024-10-15','2024-11-15'),
(39,10,'2024-11-01','2024-11-30'),
(41,15,'2024-11-15','2024-12-15'),
(43,25,'2024-12-01','2024-12-31'),
(45,10,'2025-01-01','2025-01-31'),
(47,20,'2025-02-01','2025-02-28');

-- ==============================================================================================================================
Create Table dbo.Suppliers(
	SupplyId int not null Primary Key Identity(1,1),
	SupplierName Varchar(100) not null,
	ProductID int not null,
	ProductName Varchar(100) not null,
	SupplyDate Date not null,
	City Varchar(100) not null,
	Email Varchar(100),
	Foreign Key (ProductID) References dbo.Products(ProductID)
);


INSERT INTO dbo.Suppliers (SupplierName, ProductID, ProductName, SupplyDate, City, Email)
VALUES
('TechWorld Supplies',1,'Laptop','2024-01-05','New York','techworld@supply.com'),
('Global Electronics',2,'Smartphone','2024-01-10','Los Angeles','global.elec@supply.com'),
('Smart Gadgets Co.',3,'USB Cable','2024-01-15','Chicago','smartgadgets@supply.com'),
('Prime Tech Ltd.',4,'Wireless Mouse','2024-01-20','Houston','primetech@supply.com'),
('Digital Hub',5,'Tablet','2024-01-25','Phoenix','digitalhub@supply.com'),
('Mega Distributors',6,'Monitor','2024-02-01','San Antonio','megadist@supply.com'),
('Elite Suppliers',7,'Keyboard','2024-02-05','Dallas','elitesup@supply.com'),
('NextGen Wholesale',10,'Webcam','2024-02-10','San Diego','nextgen@supply.com'),
('Future Tech Inc.',9,'External Hard Drive','2024-02-15','Seattle','futuretech@supply.com'),
('Alpha Electronics',8,'Printer','2024-02-20','Denver','alphaelec@supply.com'),
('Sunrise Trading',11,'Headphones','2024-02-25','Austin','sunrise@supply.com'),
('Pacific Supplies',12,'Smart Watch','2024-03-01','Portland','pacific@supply.com'),
('Horizon Wholesale',13,'HDMI Cable','2024-03-05','Nashville','horizon@supply.com'),
('Eagle Distributors',14,'Gaming Mouse','2024-03-10','Boston','eagle@supply.com'),
('Vertex Trading Co.',15,'LED Monitor','2024-03-15','Atlanta','vertex@supply.com'),
('TechWorld Supplies',16,'Mechanical Keyboard','2024-03-20','New York','techworld@supply.com'),
('Global Electronics',17,'Portable SSD','2024-03-25','Los Angeles','global.elec@supply.com'),
('Smart Gadgets Co.',18,'HD Webcam','2024-04-01','Chicago','smartgadgets@supply.com'),
('Prime Tech Ltd.',19,'iPad','2024-04-05','Houston','primetech@supply.com'),
('Digital Hub',20,'Laser Printer','2024-04-10','Phoenix','digitalhub@supply.com'),
('Mega Distributors',21,'Bluetooth Speaker','2024-04-15','San Antonio','megadist@supply.com'),
('Elite Suppliers',22,'Charger','2024-04-20','Dallas','elitesup@supply.com'),
('NextGen Wholesale',23,'Type C Cable','2024-04-25','San Diego','nextgen@supply.com'),
('Future Tech Inc.',24,'Trackpad','2024-05-01','Seattle','futuretech@supply.com'),
('Alpha Electronics',25,'Curved Monitor','2024-05-05','Denver','alphaelec@supply.com'),
('Sunrise Trading',26,'Wireless Keyboard','2024-05-10','Austin','sunrise@supply.com'),
('Pacific Supplies',27,'Flash Drive','2024-05-15','Portland','pacific@supply.com'),
('Horizon Wholesale',28,'Ring Light','2024-05-20','Nashville','horizon@supply.com'),
('Eagle Distributors',29,'Kindle','2024-05-25','Boston','eagle@supply.com'),
('Vertex Trading Co.',30,'3D Printer','2024-06-01','Atlanta','vertex@supply.com'),
('TechWorld Supplies',31,'Gaming Headset','2024-06-05','New York','techworld@supply.com'),
('Global Electronics',32,'Power Bank','2024-06-10','Los Angeles','global.elec@supply.com'),
('Smart Gadgets Co.',33,'Micro USB Cable','2024-06-15','Chicago','smartgadgets@supply.com'),
('Prime Tech Ltd.',34,'Vertical Mouse','2024-06-20','Houston','primetech@supply.com'),
('Digital Hub',35,'Ultrawide Monitor','2024-06-25','Phoenix','digitalhub@supply.com'),
('Mega Distributors',36,'Numeric Keypad','2024-07-01','San Antonio','megadist@supply.com'),
('Elite Suppliers',37,'Memory Card','2024-07-05','Dallas','elitesup@supply.com'),
('NextGen Wholesale',38,'Streaming Camera','2024-07-10','San Diego','nextgen@supply.com'),
('Future Tech Inc.',39,'Fire Tablet','2024-07-15','Seattle','futuretech@supply.com'),
('Alpha Electronics',40,'Inkjet Printer','2024-07-20','Denver','alphaelec@supply.com'),
('Sunrise Trading',41,'Noise Cancelling Headphones','2024-07-25','Austin','sunrise@supply.com'),
('Pacific Supplies',42,'Wireless Charger','2024-08-01','Portland','pacific@supply.com'),
('Horizon Wholesale',43,'Lightning Cable','2024-08-05','Nashville','horizon@supply.com'),
('Eagle Distributors',44,'Ergonomic Mouse','2024-08-10','Boston','eagle@supply.com'),
('Vertex Trading Co.',45,'4K Monitor','2024-08-15','Atlanta','vertex@supply.com'),
('TechWorld Supplies',46,'Backlit Keyboard','2024-08-20','New York','techworld@supply.com'),
('Global Electronics',47,'SD Card Reader','2024-08-25','Los Angeles','global.elec@supply.com'),
('Smart Gadgets Co.',48,'Conference Camera','2024-09-01','Chicago','smartgadgets@supply.com'),
('Prime Tech Ltd.',49,'Samsung Tablet','2024-09-05','Houston','primetech@supply.com'),
('Digital Hub',50,'Color Laser Printer','2024-09-10','Phoenix','digitalhub@supply.com'),
('Mega Distributors',1,'Laptop','2024-09-15','San Antonio','megadist@supply.com'),
('Elite Suppliers',2,'Smartphone','2024-09-20','Dallas','elitesup@supply.com'),
('NextGen Wholesale',3,'USB Cable','2024-09-25','San Diego','nextgen@supply.com'),
('Future Tech Inc.',4,'Wireless Mouse','2024-10-01','Seattle','futuretech@supply.com'),
('Alpha Electronics',6,'Monitor','2024-10-05','Denver','alphaelec@supply.com'),
('Sunrise Trading',7,'Keyboard','2024-10-10','Austin','sunrise@supply.com'),
('Pacific Supplies',9,'External Hard Drive','2024-10-15','Portland','pacific@supply.com'),
('Horizon Wholesale',10,'Webcam','2024-10-20','Nashville','horizon@supply.com'),
('Eagle Distributors',5,'Tablet','2024-10-25','Boston','eagle@supply.com'),
('Vertex Trading Co.',8,'Printer','2024-11-01','Atlanta','vertex@supply.com'),
('TechWorld Supplies',11,'Headphones','2024-11-05','New York','techworld@supply.com'),
('Global Electronics',12,'Smart Watch','2024-11-10','Los Angeles','global.elec@supply.com'),
('Smart Gadgets Co.',13,'HDMI Cable','2024-11-15','Chicago','smartgadgets@supply.com'),
('Prime Tech Ltd.',14,'Gaming Mouse','2024-11-20','Houston','primetech@supply.com'),
('Digital Hub',15,'LED Monitor','2024-11-25','Phoenix','digitalhub@supply.com'),
('Mega Distributors',16,'Mechanical Keyboard','2024-12-01','San Antonio','megadist@supply.com'),
('Elite Suppliers',17,'Portable SSD','2024-12-05','Dallas','elitesup@supply.com'),
('NextGen Wholesale',18,'HD Webcam','2024-12-10','San Diego','nextgen@supply.com'),
('Future Tech Inc.',19,'iPad','2024-12-15','Seattle','futuretech@supply.com'),
('Alpha Electronics',20,'Laser Printer','2024-12-20','Denver','alphaelec@supply.com'),
('Sunrise Trading',21,'Bluetooth Speaker','2024-12-25','Austin','sunrise@supply.com'),
('Pacific Supplies',22,'Charger','2025-01-01','Portland','pacific@supply.com'),
('Horizon Wholesale',23,'Type C Cable','2025-01-05','Nashville','horizon@supply.com'),
('Eagle Distributors',24,'Trackpad','2025-01-10','Boston','eagle@supply.com'),
('Vertex Trading Co.',25,'Curved Monitor','2025-01-15','Atlanta','vertex@supply.com'),
('TechWorld Supplies',26,'Wireless Keyboard','2025-01-20','New York','techworld@supply.com'),
('Global Electronics',27,'Flash Drive','2025-01-25','Los Angeles','global.elec@supply.com'),
('Smart Gadgets Co.',28,'Ring Light','2025-02-01','Chicago','smartgadgets@supply.com'),
('Prime Tech Ltd.',29,'Kindle','2025-02-05','Houston','primetech@supply.com'),
('Digital Hub',30,'3D Printer','2025-02-10','Phoenix','digitalhub@supply.com'),
('Mega Distributors',31,'Gaming Headset','2025-02-15','San Antonio','megadist@supply.com'),
('Elite Suppliers',32,'Power Bank','2025-02-20','Dallas','elitesup@supply.com'),
('NextGen Wholesale',33,'Micro USB Cable','2025-02-25','San Diego','nextgen@supply.com'),
('Future Tech Inc.',34,'Vertical Mouse','2025-03-01','Seattle','futuretech@supply.com'),
('Alpha Electronics',35,'Ultrawide Monitor','2025-03-05','Denver','alphaelec@supply.com'),
('Sunrise Trading',36,'Numeric Keypad','2025-03-10','Austin','sunrise@supply.com'),
('Pacific Supplies',37,'Memory Card','2025-03-15','Portland','pacific@supply.com'),
('Horizon Wholesale',38,'Streaming Camera','2025-03-20','Nashville','horizon@supply.com'),
('Eagle Distributors',39,'Fire Tablet','2025-03-25','Boston','eagle@supply.com'),
('Vertex Trading Co.',40,'Inkjet Printer','2025-04-01','Atlanta','vertex@supply.com'),
('TechWorld Supplies',41,'Noise Cancelling Headphones','2025-04-05','New York','techworld@supply.com'),
('Global Electronics',42,'Wireless Charger','2025-04-10','Los Angeles','global.elec@supply.com'),
('Smart Gadgets Co.',43,'Lightning Cable','2025-04-15','Chicago','smartgadgets@supply.com'),
('Prime Tech Ltd.',44,'Ergonomic Mouse','2025-04-20','Houston','primetech@supply.com'),
('Digital Hub',45,'4K Monitor','2025-04-25','Phoenix','digitalhub@supply.com'),
('Mega Distributors',46,'Backlit Keyboard','2025-05-01','San Antonio','megadist@supply.com'),
('Elite Suppliers',47,'SD Card Reader','2025-05-05','Dallas','elitesup@supply.com'),
('NextGen Wholesale',48,'Conference Camera','2025-05-10','San Diego','nextgen@supply.com'),
('Future Tech Inc.',49,'Samsung Tablet','2025-05-15','Seattle','futuretech@supply.com'),
('Alpha Electronics',50,'Color Laser Printer','2025-05-20','Denver','alphaelec@supply.com');

-- =======================================================================================================

Create Table dbo.Reviews (
    ReviewID int not null Primary Key Identity(1,1),
    CustomerID int not null,
    ProductID int not null,
    Rating int not null Check (Rating Between 1 and 5),
    ReviewText Varchar(200),
    Foreign Key (CustomerID) References dbo.Customers(CustomerID),
    Foreign Key (ProductID) References dbo.Products(ProductID)
);

Insert into dbo.Reviews (CustomerID, ProductID, Rating, ReviewText)
Values(1,1,5,'Excellent'),
(2,2,4,'Very Good'),
(3,3,3,'Average'),
(4,4,5,'Highly Recommended'),
(5,5,4,'Worth the Price'),
(6,6,2,'Not Satisfied'),
(7,7,5,'Amazing'),
(8,8,4,'Good Quality'),
(9,9,3,'Okay'),
(10,10,5,'Loved It'),
(11,1,4,'Nice Item'),
(12,2,5,'Best Purchase'),
(13,3,3,'Average Quality'),
(14,4,4,'Good Performance'),
(15,5,5,'Excellent'),
(16,6,2,'Not Good'),
(17,7,5,'Very Stylish'),
(18,8,4,'Good Product'),
(19,9,3,'Okay'),
(20,10,5,'Perfect'),
(21,1,4,'Nice Quality'),
(22,2,5,'Loved It'),
(23,3,2,'Not Satisfied'),
(24,4,4,'Good Choice'),
(25,5,5,'Excellent Product'),
(26,6,3,'Average'),
(27,7,5,'Amazing'),
(28,8,4,'Good'),
(29,9,2,'Bad Quality'),
(30,10,5,'Very Good'),
(31,1,4,'Nice'),
(32,2,5,'Excellent'),
(33,3,3,'Average'),
(34,4,4,'Good'),
(35,5,5,'Best'),
(36,6,2,'Poor'),
(37,7,5,'Amazing Product'),
(38,8,4,'Good Quality'),
(39,9,3,'Average'),
(40,10,5,'Excellent'),
(41,1,4,'Nice'),
(42,2,5,'Perfect'),
(43,3,3,'Okay'),
(44,4,4,'Good'),
(45,5,5,'Excellent'),
(46,6,2,'Bad'),
(47,7,5,'Awesome'),
(48,8,4,'Good'),
(49,9,3,'Average'),
(50,10,5,'Best Product');
-- ====================================================================================================================